id,first_name,last_name,email,job_title_id
1,Cathrin,Weiser,cweiser0@purevolume.com,1
2,Pacorro,Laphorn,plaphorn1@cisco.com,2
3,Brenna,Dimitrie,bdimitrie2@unc.edu,3
4,Violet,Thornley,vthornley3@blogs.com,4
5,Ezequiel,Ivashnikov,eivashnikov4@addtoany.com,5
6,Doti,Diviney,ddiviney5@icio.us,5
7,Hal,Melia,hmelia6@discuz.net,5
8,Janaya,Gudge,jgudge7@chicagotribune.com,5
9,Danica,Thurstan,dthurstan8@census.gov,6
10,Shandra,Jutson,sjutson9@comsenz.com,6
11,Ragnar,Ramberg,rramberga@list-manage.com,6
12,Anny,August,aaugustb@economist.com,6
13,Gerhardine,Cavanagh,gcavanaghc@wsj.com,7
14,Kelcy,Smeeth,ksmeethd@state.tx.us,7
15,Carree,Harder,chardere@quantcast.com,7
16,Birch,Lenoir,blenoirf@livejournal.com,7
17,Sapphire,Sarath,ssarathg@acquirethisname.com,8
18,Thatch,Huet,thueth@apache.org,8
19,Felice,Pickvance,fpickvancei@meetup.com,8
20,Egan,Gittis,egittisj@wix.com,8
21,Titos,Elbourn,telbournk@nydailynews.com,9
22,Korey,Jacobsohn,kjacobsohnl@addthis.com,9
23,Aretha,Muston,amustonm@etsy.com,9
24,Neall,Tutsell,ntutselln@cbc.ca,9
25,Christean,Seiffert,cseifferto@amazon.de,10
26,Julie,Thew,jthewp@seesaa.net,10
27,Meagan,Osgorby,mosgorbyq@boston.com,10
28,Korry,Van Driel,kvandrielr@creativecommons.org,10
29,Georgeanna,Sear,gsears@cloudflare.com,11
30,Svend,Carabine,scarabinet@skype.com,11
31,Aigneis,Picton,apictonu@uiuc.edu,11
32,Gisela,Spaice,gspaicev@ow.ly,11
33,Viviyan,Filyakov,vfilyakovw@intel.com,11
34,Camille,Sumbler,csumblerx@mayoclinic.com,11
35,Louisette,D'Adamo,ldadamoy@ted.com,11
36,Joannes,Darth,jdarthz@theguardian.com,11
37,Lindi,Timlett,ltimlett10@upenn.edu,11
38,Ruggiero,Zappel,rzappel11@pbs.org,11
39,Hinze,Giacomoni,hgiacomoni12@instagram.com,12
40,Avram,Loyndon,aloyndon13@engadget.com,12
41,Lexi,Gatley,lgatley14@instagram.com,12
42,Stormie,Kegan,skegan15@mediafire.com,12
43,Tracee,Helis,thelis16@alexa.com,12
44,Kippie,Crofts,kcrofts17@ameblo.jp,12
45,Derril,Walak,dwalak18@wp.com,12
46,Dyana,Ithell,dithell19@hatena.ne.jp,12
47,Kaela,Haistwell,khaistwell1a@elegantthemes.com,12
48,Domeniga,Ellerman,dellerman1b@bizjournals.com,12
49,Riva,MacArte,rmacarte1c@cocolog-nifty.com,12
50,Vlad,Edyson,vedyson1d@businessinsider.com,12